,99846383,<int Value>,<*string Value>,<*string Value>,<*string Value>,<*string Value>,<*string Value>,<*string Value>,<[]string Value>,<int Value>,<time.Time Value>,<uint Value>,<[]main.Tag Value>
,69164196,<int Value>,<*string Value>,<*string Value>,<*string Value>,<*string Value>,<*string Value>,<*string Value>,<[]string Value>,<int Value>,<time.Time Value>,<uint Value>,<[]main.Tag Value>
,31792824,<int Value>,<*string Value>,<*string Value>,<*string Value>,<*string Value>,<*string Value>,<*string Value>,<[]string Value>,<int Value>,<time.Time Value>,<uint Value>,<[]main.Tag Value>
,61412022,<int Value>,<*string Value>,<*string Value>,<*string Value>,<*string Value>,<*string Value>,<*string Value>,<[]string Value>,<int Value>,<time.Time Value>,<uint Value>,<[]main.Tag Value>
,33015583,<int Value>,<*string Value>,<*string Value>,<*string Value>,<*string Value>,<*string Value>,<*string Value>,<[]string Value>,<int Value>,<time.Time Value>,<uint Value>,<[]main.Tag Value>
,4542716,<int Value>,<*string Value>,<*string Value>,<*string Value>,<*string Value>,<*string Value>,<*string Value>,<[]string Value>,<int Value>,<time.Time Value>,<uint Value>,<[]main.Tag Value>
,72891330,<int Value>,<*string Value>,<*string Value>,<*string Value>,<*string Value>,<*string Value>,<*string Value>,<[]string Value>,<int Value>,<time.Time Value>,<uint Value>,<[]main.Tag Value>
,123863119,<int Value>,<*string Value>,<*string Value>,<*string Value>,<*string Value>,<*string Value>,<*string Value>,<[]string Value>,<int Value>,<time.Time Value>,<uint Value>,<[]main.Tag Value>
,615969,<int Value>,<*string Value>,<*string Value>,<*string Value>,<*string Value>,<*string Value>,<*string Value>,<[]string Value>,<int Value>,<time.Time Value>,<uint Value>,<[]main.Tag Value>
,94506832,<int Value>,<*string Value>,<*string Value>,<*string Value>,<*string Value>,<*string Value>,<*string Value>,<[]string Value>,<int Value>,<time.Time Value>,<uint Value>,<[]main.Tag Value>
,54400687,<int Value>,<*string Value>,<*string Value>,<*string Value>,<*string Value>,<*string Value>,<*string Value>,<[]string Value>,<int Value>,<time.Time Value>,<uint Value>,<[]main.Tag Value>
,91356408,<int Value>,<*string Value>,<*string Value>,<*string Value>,<*string Value>,<*string Value>,<*string Value>,<[]string Value>,<int Value>,<time.Time Value>,<uint Value>,<[]main.Tag Value>
,70572539,<int Value>,<*string Value>,<*string Value>,<*string Value>,<*string Value>,<*string Value>,<*string Value>,<[]string Value>,<int Value>,<time.Time Value>,<uint Value>,<[]main.Tag Value>
,1390248,<int Value>,<*string Value>,<*string Value>,<*string Value>,<*string Value>,<*string Value>,<*string Value>,<[]string Value>,<int Value>,<time.Time Value>,<uint Value>,<[]main.Tag Value>
,55795245,<int Value>,<*string Value>,<*string Value>,<*string Value>,<*string Value>,<*string Value>,<*string Value>,<[]string Value>,<int Value>,<time.Time Value>,<uint Value>,<[]main.Tag Value>
,121395510,<int Value>,<*string Value>,<*string Value>,<*string Value>,<*string Value>,<*string Value>,<*string Value>,<[]string Value>,<int Value>,<time.Time Value>,<uint Value>,<[]main.Tag Value>
,53614190,<int Value>,<*string Value>,<*string Value>,<*string Value>,<*string Value>,<*string Value>,<*string Value>,<[]string Value>,<int Value>,<time.Time Value>,<uint Value>,<[]main.Tag Value>
,81598961,<int Value>,<*string Value>,<*string Value>,<*string Value>,<*string Value>,<*string Value>,<*string Value>,<[]string Value>,<int Value>,<time.Time Value>,<uint Value>,<[]main.Tag Value>
,116995448,<int Value>,<*string Value>,<*string Value>,<*string Value>,<*string Value>,<*string Value>,<*string Value>,<[]string Value>,<int Value>,<time.Time Value>,<uint Value>,<[]main.Tag Value>
,13266601,<int Value>,<*string Value>,<*string Value>,<*string Value>,<*string Value>,<*string Value>,<*string Value>,<[]string Value>,<int Value>,<time.Time Value>,<uint Value>,<[]main.Tag Value>
,48109239,<int Value>,<*string Value>,<*string Value>,<*string Value>,<*string Value>,<*string Value>,<*string Value>,<[]string Value>,<int Value>,<time.Time Value>,<uint Value>,<[]main.Tag Value>
,19784232,<int Value>,<*string Value>,<*string Value>,<*string Value>,<*string Value>,<*string Value>,<*string Value>,<[]string Value>,<int Value>,<time.Time Value>,<uint Value>,<[]main.Tag Value>
,72477752,<int Value>,<*string Value>,<*string Value>,<*string Value>,<*string Value>,<*string Value>,<*string Value>,<[]string Value>,<int Value>,<time.Time Value>,<uint Value>,<[]main.Tag Value>
,84240850,<int Value>,<*string Value>,<*string Value>,<*string Value>,<*string Value>,<*string Value>,<*string Value>,<[]string Value>,<int Value>,<time.Time Value>,<uint Value>,<[]main.Tag Value>
,1644196,<int Value>,<*string Value>,<*string Value>,<*string Value>,<*string Value>,<*string Value>,<*string Value>,<[]string Value>,<int Value>,<time.Time Value>,<uint Value>,<[]main.Tag Value>
,44672744,<int Value>,<*string Value>,<*string Value>,<*string Value>,<*string Value>,<*string Value>,<*string Value>,<[]string Value>,<int Value>,<time.Time Value>,<uint Value>,<[]main.Tag Value>
,33884891,<int Value>,<*string Value>,<*string Value>,<*string Value>,<*string Value>,<*string Value>,<*string Value>,<[]string Value>,<int Value>,<time.Time Value>,<uint Value>,<[]main.Tag Value>
,52631841,<int Value>,<*string Value>,<*string Value>,<*string Value>,<*string Value>,<*string Value>,<*string Value>,<[]string Value>,<int Value>,<time.Time Value>,<uint Value>,<[]main.Tag Value>
,67538104,<int Value>,<*string Value>,<*string Value>,<*string Value>,<*string Value>,<*string Value>,<*string Value>,<[]string Value>,<int Value>,<time.Time Value>,<uint Value>,<[]main.Tag Value>
,64172164,<int Value>,<*string Value>,<*string Value>,<*string Value>,<*string Value>,<*string Value>,<*string Value>,<[]string Value>,<int Value>,<time.Time Value>,<uint Value>,<[]main.Tag Value>
,576201,<int Value>,<*string Value>,<*string Value>,<*string Value>,<*string Value>,<*string Value>,<*string Value>,<[]string Value>,<int Value>,<time.Time Value>,<uint Value>,<[]main.Tag Value>
,120360765,<int Value>,<*string Value>,<*string Value>,<*string Value>,<*string Value>,<*string Value>,<*string Value>,<[]string Value>,<int Value>,<time.Time Value>,<uint Value>,<[]main.Tag Value>
,20445947,<int Value>,<*string Value>,<*string Value>,<*string Value>,<*string Value>,<*string Value>,<*string Value>,<[]string Value>,<int Value>,<time.Time Value>,<uint Value>,<[]main.Tag Value>
,45717250,<int Value>,<*string Value>,<*string Value>,<*string Value>,<*string Value>,<*string Value>,<*string Value>,<[]string Value>,<int Value>,<time.Time Value>,<uint Value>,<[]main.Tag Value>
,843222,<int Value>,<*string Value>,<*string Value>,<*string Value>,<*string Value>,<*string Value>,<*string Value>,<[]string Value>,<int Value>,<time.Time Value>,<uint Value>,<[]main.Tag Value>
,911980,<int Value>,<*string Value>,<*string Value>,<*string Value>,<*string Value>,<*string Value>,<*string Value>,<[]string Value>,<int Value>,<time.Time Value>,<uint Value>,<[]main.Tag Value>
,42757577,<int Value>,<*string Value>,<*string Value>,<*string Value>,<*string Value>,<*string Value>,<*string Value>,<[]string Value>,<int Value>,<time.Time Value>,<uint Value>,<[]main.Tag Value>
,13628513,<int Value>,<*string Value>,<*string Value>,<*string Value>,<*string Value>,<*string Value>,<*string Value>,<[]string Value>,<int Value>,<time.Time Value>,<uint Value>,<[]main.Tag Value>
,41986369,<int Value>,<*string Value>,<*string Value>,<*string Value>,<*string Value>,<*string Value>,<*string Value>,<[]string Value>,<int Value>,<time.Time Value>,<uint Value>,<[]main.Tag Value>
,3638964,<int Value>,<*string Value>,<*string Value>,<*string Value>,<*string Value>,<*string Value>,<*string Value>,<[]string Value>,<int Value>,<time.Time Value>,<uint Value>,<[]main.Tag Value>
,18383364,<int Value>,<*string Value>,<*string Value>,<*string Value>,<*string Value>,<*string Value>,<*string Value>,<[]string Value>,<int Value>,<time.Time Value>,<uint Value>,<[]main.Tag Value>
,52855516,<int Value>,<*string Value>,<*string Value>,<*string Value>,<*string Value>,<*string Value>,<*string Value>,<[]string Value>,<int Value>,<time.Time Value>,<uint Value>,<[]main.Tag Value>
,99143276,<int Value>,<*string Value>,<*string Value>,<*string Value>,<*string Value>,<*string Value>,<*string Value>,<[]string Value>,<int Value>,<time.Time Value>,<uint Value>,<[]main.Tag Value>
,16554739,<int Value>,<*string Value>,<*string Value>,<*string Value>,<*string Value>,<*string Value>,<*string Value>,<[]string Value>,<int Value>,<time.Time Value>,<uint Value>,<[]main.Tag Value>
,17728164,<int Value>,<*string Value>,<*string Value>,<*string Value>,<*string Value>,<*string Value>,<*string Value>,<[]string Value>,<int Value>,<time.Time Value>,<uint Value>,<[]main.Tag Value>
,41766002,<int Value>,<*string Value>,<*string Value>,<*string Value>,<*string Value>,<*string Value>,<*string Value>,<[]string Value>,<int Value>,<time.Time Value>,<uint Value>,<[]main.Tag Value>
,29078997,<int Value>,<*string Value>,<*string Value>,<*string Value>,<*string Value>,<*string Value>,<*string Value>,<[]string Value>,<int Value>,<time.Time Value>,<uint Value>,<[]main.Tag Value>
,20773773,<int Value>,<*string Value>,<*string Value>,<*string Value>,<*string Value>,<*string Value>,<*string Value>,<[]string Value>,<int Value>,<time.Time Value>,<uint Value>,<[]main.Tag Value>
,912896,<int Value>,<*string Value>,<*string Value>,<*string Value>,<*string Value>,<*string Value>,<*string Value>,<[]string Value>,<int Value>,<time.Time Value>,<uint Value>,<[]main.Tag Value>
,82700090,<int Value>,<*string Value>,<*string Value>,<*string Value>,<*string Value>,<*string Value>,<*string Value>,<[]string Value>,<int Value>,<time.Time Value>,<uint Value>,<[]main.Tag Value>
,58559694,<int Value>,<*string Value>,<*string Value>,<*string Value>,<*string Value>,<*string Value>,<*string Value>,<[]string Value>,<int Value>,<time.Time Value>,<uint Value>,<[]main.Tag Value>
,28782747,<int Value>,<*string Value>,<*string Value>,<*string Value>,<*string Value>,<*string Value>,<*string Value>,<[]string Value>,<int Value>,<time.Time Value>,<uint Value>,<[]main.Tag Value>
,80862584,<int Value>,<*string Value>,<*string Value>,<*string Value>,<*string Value>,<*string Value>,<*string Value>,<[]string Value>,<int Value>,<time.Time Value>,<uint Value>,<[]main.Tag Value>
,66963716,<int Value>,<*string Value>,<*string Value>,<*string Value>,<*string Value>,<*string Value>,<*string Value>,<[]string Value>,<int Value>,<time.Time Value>,<uint Value>,<[]main.Tag Value>
,23096959,<int Value>,<*string Value>,<*string Value>,<*string Value>,<*string Value>,<*string Value>,<*string Value>,<[]string Value>,<int Value>,<time.Time Value>,<uint Value>,<[]main.Tag Value>
,2310495,<int Value>,<*string Value>,<*string Value>,<*string Value>,<*string Value>,<*string Value>,<*string Value>,<[]string Value>,<int Value>,<time.Time Value>,<uint Value>,<[]main.Tag Value>
,2293158,<int Value>,<*string Value>,<*string Value>,<*string Value>,<*string Value>,<*string Value>,<*string Value>,<[]string Value>,<int Value>,<time.Time Value>,<uint Value>,<[]main.Tag Value>
,65600975,<int Value>,<*string Value>,<*string Value>,<*string Value>,<*string Value>,<*string Value>,<*string Value>,<[]string Value>,<int Value>,<time.Time Value>,<uint Value>,<[]main.Tag Value>
,7037996,<int Value>,<*string Value>,<*string Value>,<*string Value>,<*string Value>,<*string Value>,<*string Value>,<[]string Value>,<int Value>,<time.Time Value>,<uint Value>,<[]main.Tag Value>
,90392762,<int Value>,<*string Value>,<*string Value>,<*string Value>,<*string Value>,<*string Value>,<*string Value>,<[]string Value>,<int Value>,<time.Time Value>,<uint Value>,<[]main.Tag Value>
,54432168,<int Value>,<*string Value>,<*string Value>,<*string Value>,<*string Value>,<*string Value>,<*string Value>,<[]string Value>,<int Value>,<time.Time Value>,<uint Value>,<[]main.Tag Value>
,20929025,<int Value>,<*string Value>,<*string Value>,<*string Value>,<*string Value>,<*string Value>,<*string Value>,<[]string Value>,<int Value>,<time.Time Value>,<uint Value>,<[]main.Tag Value>
,64732358,<int Value>,<*string Value>,<*string Value>,<*string Value>,<*string Value>,<*string Value>,<*string Value>,<[]string Value>,<int Value>,<time.Time Value>,<uint Value>,<[]main.Tag Value>
,38386331,<int Value>,<*string Value>,<*string Value>,<*string Value>,<*string Value>,<*string Value>,<*string Value>,<[]string Value>,<int Value>,<time.Time Value>,<uint Value>,<[]main.Tag Value>
,1349775,<int Value>,<*string Value>,<*string Value>,<*string Value>,<*string Value>,<*string Value>,<*string Value>,<[]string Value>,<int Value>,<time.Time Value>,<uint Value>,<[]main.Tag Value>
,9393759,<int Value>,<*string Value>,<*string Value>,<*string Value>,<*string Value>,<*string Value>,<*string Value>,<[]string Value>,<int Value>,<time.Time Value>,<uint Value>,<[]main.Tag Value>
,62921553,<int Value>,<*string Value>,<*string Value>,<*string Value>,<*string Value>,<*string Value>,<*string Value>,<[]string Value>,<int Value>,<time.Time Value>,<uint Value>,<[]main.Tag Value>
,538746,<int Value>,<*string Value>,<*string Value>,<*string Value>,<*string Value>,<*string Value>,<*string Value>,<[]string Value>,<int Value>,<time.Time Value>,<uint Value>,<[]main.Tag Value>
,7833168,<int Value>,<*string Value>,<*string Value>,<*string Value>,<*string Value>,<*string Value>,<*string Value>,<[]string Value>,<int Value>,<time.Time Value>,<uint Value>,<[]main.Tag Value>
,3432266,<int Value>,<*string Value>,<*string Value>,<*string Value>,<*string Value>,<*string Value>,<*string Value>,<[]string Value>,<int Value>,<time.Time Value>,<uint Value>,<[]main.Tag Value>
,86057409,<int Value>,<*string Value>,<*string Value>,<*string Value>,<*string Value>,<*string Value>,<*string Value>,<[]string Value>,<int Value>,<time.Time Value>,<uint Value>,<[]main.Tag Value>
,86608646,<int Value>,<*string Value>,<*string Value>,<*string Value>,<*string Value>,<*string Value>,<*string Value>,<[]string Value>,<int Value>,<time.Time Value>,<uint Value>,<[]main.Tag Value>
,43723161,<int Value>,<*string Value>,<*string Value>,<*string Value>,<*string Value>,<*string Value>,<*string Value>,<[]string Value>,<int Value>,<time.Time Value>,<uint Value>,<[]main.Tag Value>
,80134675,<int Value>,<*string Value>,<*string Value>,<*string Value>,<*string Value>,<*string Value>,<*string Value>,<[]string Value>,<int Value>,<time.Time Value>,<uint Value>,<[]main.Tag Value>
,23404128,<int Value>,<*string Value>,<*string Value>,<*string Value>,<*string Value>,<*string Value>,<*string Value>,<[]string Value>,<int Value>,<time.Time Value>,<uint Value>,<[]main.Tag Value>
,156018,<int Value>,<*string Value>,<*string Value>,<*string Value>,<*string Value>,<*string Value>,<*string Value>,<[]string Value>,<int Value>,<time.Time Value>,<uint Value>,<[]main.Tag Value>
,16286131,<int Value>,<*string Value>,<*string Value>,<*string Value>,<*string Value>,<*string Value>,<*string Value>,<[]string Value>,<int Value>,<time.Time Value>,<uint Value>,<[]main.Tag Value>
,12888993,<int Value>,<*string Value>,<*string Value>,<*string Value>,<*string Value>,<*string Value>,<*string Value>,<[]string Value>,<int Value>,<time.Time Value>,<uint Value>,<[]main.Tag Value>
,81345806,<int Value>,<*string Value>,<*string Value>,<*string Value>,<*string Value>,<*string Value>,<*string Value>,<[]string Value>,<int Value>,<time.Time Value>,<uint Value>,<[]main.Tag Value>
,34526884,<int Value>,<*string Value>,<*string Value>,<*string Value>,<*string Value>,<*string Value>,<*string Value>,<[]string Value>,<int Value>,<time.Time Value>,<uint Value>,<[]main.Tag Value>
,111113343,<int Value>,<*string Value>,<*string Value>,<*string Value>,<*string Value>,<*string Value>,<*string Value>,<[]string Value>,<int Value>,<time.Time Value>,<uint Value>,<[]main.Tag Value>
,91253698,<int Value>,<*string Value>,<*string Value>,<*string Value>,<*string Value>,<*string Value>,<*string Value>,<[]string Value>,<int Value>,<time.Time Value>,<uint Value>,<[]main.Tag Value>
,18348651,<int Value>,<*string Value>,<*string Value>,<*string Value>,<*string Value>,<*string Value>,<*string Value>,<[]string Value>,<int Value>,<time.Time Value>,<uint Value>,<[]main.Tag Value>
,73964895,<int Value>,<*string Value>,<*string Value>,<*string Value>,<*string Value>,<*string Value>,<*string Value>,<[]string Value>,<int Value>,<time.Time Value>,<uint Value>,<[]main.Tag Value>
,16563587,<int Value>,<*string Value>,<*string Value>,<*string Value>,<*string Value>,<*string Value>,<*string Value>,<[]string Value>,<int Value>,<time.Time Value>,<uint Value>,<[]main.Tag Value>
,29099181,<int Value>,<*string Value>,<*string Value>,<*string Value>,<*string Value>,<*string Value>,<*string Value>,<[]string Value>,<int Value>,<time.Time Value>,<uint Value>,<[]main.Tag Value>
,14724975,<int Value>,<*string Value>,<*string Value>,<*string Value>,<*string Value>,<*string Value>,<*string Value>,<[]string Value>,<int Value>,<time.Time Value>,<uint Value>,<[]main.Tag Value>
,43406976,<int Value>,<*string Value>,<*string Value>,<*string Value>,<*string Value>,<*string Value>,<*string Value>,<[]string Value>,<int Value>,<time.Time Value>,<uint Value>,<[]main.Tag Value>
,89266735,<int Value>,<*string Value>,<*string Value>,<*string Value>,<*string Value>,<*string Value>,<*string Value>,<[]string Value>,<int Value>,<time.Time Value>,<uint Value>,<[]main.Tag Value>
,7634677,<int Value>,<*string Value>,<*string Value>,<*string Value>,<*string Value>,<*string Value>,<*string Value>,<[]string Value>,<int Value>,<time.Time Value>,<uint Value>,<[]main.Tag Value>
,654608,<int Value>,<*string Value>,<*string Value>,<*string Value>,<*string Value>,<*string Value>,<*string Value>,<[]string Value>,<int Value>,<time.Time Value>,<uint Value>,<[]main.Tag Value>
,19745004,<int Value>,<*string Value>,<*string Value>,<*string Value>,<*string Value>,<*string Value>,<*string Value>,<[]string Value>,<int Value>,<time.Time Value>,<uint Value>,<[]main.Tag Value>
,6093316,<int Value>,<*string Value>,<*string Value>,<*string Value>,<*string Value>,<*string Value>,<*string Value>,<[]string Value>,<int Value>,<time.Time Value>,<uint Value>,<[]main.Tag Value>
,42454540,<int Value>,<*string Value>,<*string Value>,<*string Value>,<*string Value>,<*string Value>,<*string Value>,<[]string Value>,<int Value>,<time.Time Value>,<uint Value>,<[]main.Tag Value>
,69590701,<int Value>,<*string Value>,<*string Value>,<*string Value>,<*string Value>,<*string Value>,<*string Value>,<[]string Value>,<int Value>,<time.Time Value>,<uint Value>,<[]main.Tag Value>
,21663285,<int Value>,<*string Value>,<*string Value>,<*string Value>,<*string Value>,<*string Value>,<*string Value>,<[]string Value>,<int Value>,<time.Time Value>,<uint Value>,<[]main.Tag Value>
,42408804,<int Value>,<*string Value>,<*string Value>,<*string Value>,<*string Value>,<*string Value>,<*string Value>,<[]string Value>,<int Value>,<time.Time Value>,<uint Value>,<[]main.Tag Value>
,44610195,<int Value>,<*string Value>,<*string Value>,<*string Value>,<*string Value>,<*string Value>,<*string Value>,<[]string Value>,<int Value>,<time.Time Value>,<uint Value>,<[]main.Tag Value>
,89011439,<int Value>,<*string Value>,<*string Value>,<*string Value>,<*string Value>,<*string Value>,<*string Value>,<[]string Value>,<int Value>,<time.Time Value>,<uint Value>,<[]main.Tag Value>
,56342508,<int Value>,<*string Value>,<*string Value>,<*string Value>,<*string Value>,<*string Value>,<*string Value>,<[]string Value>,<int Value>,<time.Time Value>,<uint Value>,<[]main.Tag Value>
