,stackexchange/distributed
,stackexchange/frameworks
,stackexchange/tensorflow
,stackexchange/keras
,stackexchange/pytorch
,stackexchange/c++
,stackexchange/deep-learning
,stackexchange/machine-learning
,stackexchange/mpi
,github/baidu
,github/deep-learning
,github/deeplearning
,github/keras
,github/machine-learning
,github/machinelearning
,github/mpi
,github/pytorch
,github/tensorflow
,github/uber
,stackexchange/database
,stackexchange/real-time
,stackexchange/graphql
,stackexchange/api
,stackexchange/scala
,github/database
,github/graphql
,github/graphql-api
,github/graphql-database
,github/prisma
,github/serverless
,stackexchange/flutter
,stackexchange/performance
,stackexchange/build
,stackexchange/mobile
,stackexchange/dart
,stackexchange/android
,stackexchange/ios
,stackexchange/material-design
,github/android
,github/dart
,github/ios
,github/material-design
,github/mobile
,stackexchange/frameworks
,stackexchange/editors
,stackexchange/javascript
,stackexchange/browser
,stackexchange/editor
,stackexchange/reactjs
,github/browser
,github/editor
,github/framework
,github/javascript
,github/react
,github/rich-text
,github/slate
,github/text-editor
,stackexchange/deep-learning
,stackexchange/python
,stackexchange/machine-learning
,stackexchange/tensorflow
,github/data-science
,github/deep-learning
,github/machine-learning
,github/neural-networks
,github/python
,github/tensorflow
,stackexchange/packages
,stackexchange/collections
,stackexchange/linux
,github/linux
,github/nix
,github/nixos
,github/nixpkgs
,stackexchange/nginx
,stackexchange/controller
,stackexchange/kubernetes
,stackexchange/go
,github/ingress-controller
,github/kubernetes
,github/nginx
,stackexchange/go
,stackexchange/publishing
,stackexchange/racket
,stackexchange/repository
,github/racket
,stackexchange/python
,stackexchange/pytorch
,stackexchange/bayesian
,stackexchange/machine-learning
,github/bayesian
,github/bayesian-inference
,github/machine-learning
,github/probabilistic-modeling
,github/probabilistic-programming
,github/python
,github/pytorch
,github/variational-inference
,stackexchange/load
,stackexchange/testing
,stackexchange/go
,stackexchange/javascript
,stackexchange/ecmascript
,stackexchange/performance
,github/es6
,github/golang
,github/javascript
,github/load-generator
,github/load-testing
,github/performance
,stackexchange/open-source
,stackexchange/nlp
,stackexchange/research
,stackexchange/pytorch
,stackexchange/python
,stackexchange/deep-learning
,github/data-science
,github/deep-learning
,github/natural-language-processing
,github/nlp
,github/python
,github/pytorch
,stackexchange/automation
,stackexchange/open-source
,stackexchange/go
,stackexchange/continuous-integration
,github/automation
,github/continuous-delivery
,github/continuous-deployment
,github/continuous-integration
,github/devops
,github/devops-workflow
,github/golang
,stackexchange/configuration
,stackexchange/scale
,stackexchange/saltstack
,stackexchange/package
,stackexchange/repository
,stackexchange/python
,stackexchange/configuration-management
,github/cloud-management
,github/cloud-providers
,github/cloud-provisioning
,github/configuration-management
,github/event-management
,github/event-stream
,github/infrastructure-management
,github/python
,github/remote-execution
,github/zeromq
,stackexchange/daemon
,stackexchange/go
,github/bitcoin
,github/ipfs
,github/openbazaar
,github/p2p
,stackexchange/algorithm
,github/algorithm
,github/coding-interview
,github/leetcode
,stackexchange/eclipse
,stackexchange/open-source
,stackexchange/mqtt
,stackexchange/c
,github/broker
,github/eclipse-iot
,github/libwebsockets
,github/mosquitto
,github/mqtt
,stackexchange/python
,stackexchange/performance
,stackexchange/dependencies
,stackexchange/reporting
,stackexchange/build
,stackexchange/go
,stackexchange/cross-platform
,stackexchange/2d
,stackexchange/3d
,stackexchange/game-engine
,stackexchange/c++
,stackexchange/lua
,stackexchange/open-source
,github/angelscript
,github/c-plus-plus
,github/cross-platform
,github/game-development
,github/game-engine
,github/lua
,github/open-source
,github/urho3d
,stackexchange/http
,stackexchange/apache-kafka
,stackexchange/networking
,stackexchange/containers
,stackexchange/go
,stackexchange/api
,stackexchange/docker
,stackexchange/kernel
,stackexchange/kubernetes
,stackexchange/load-balancing
,stackexchange/microservices
,stackexchange/monitoring
,stackexchange/troubleshooting
,github/api
,github/bpf
,github/cni
,github/containers
,github/docker
,github/grpc
,github/http
,github/kafka
,github/kernel
,github/kubernetes
,github/kubernetes-networking
,github/loadbalancing
,github/microservices
,github/monitoring
,github/networking
,github/security
,github/troubleshooting
,github/xdp
,stackexchange/build
,stackexchange/python
,stackexchange/go
,stackexchange/aws
,stackexchange/azure
,stackexchange/containers
,stackexchange/google-cloud-platform
,stackexchange/kubernetes
,github/aws
,github/azure
,github/containers
,github/gcp
,github/infrastructure-as-code
,github/kubernetes
,github/serverless
,stackexchange/open-source
,stackexchange/time-series
,stackexchange/database
,stackexchange/performance
,stackexchange/postgresql
,stackexchange/c
,stackexchange/analytics
,stackexchange/sql
,github/analytics
,github/financial-analysis
,github/iot
,github/postgres
,github/postgresql
,github/sql
,github/time-series
,github/time-series-database
,github/tsdb
,stackexchange/julia-lang
,stackexchange/machine-learning
,github/high-performance-computing
,github/julia
,github/julia-language
,github/machine-learning
,github/numerical-computation
,github/programming-language
,github/scientific-computing
,stackexchange/files
,stackexchange/go
,stackexchange/apache
,stackexchange/python
,stackexchange/clone
,stackexchange/reactjs
,stackexchange/angular
,stackexchange/django
,stackexchange/javascript
,stackexchange/scale
,stackexchange/reactjs
,stackexchange/javascript
,stackexchange/node.js
,stackexchange/redux
,stackexchange/web-applications
,github/nodejs
,github/react
,github/redux
,github/universal
,github/web-app
,stackexchange/flutter
,stackexchange/performance
,stackexchange/build
,stackexchange/mobile
,stackexchange/java
,github/flutter
,github/intellij-plugin
,github/java
,stackexchange/javascript
,stackexchange/3d
,stackexchange/canvas
,stackexchange/html5
,stackexchange/scene-graph
,stackexchange/svg
,stackexchange/webgl
,github/3d
,github/canvas
,github/html5
,github/javascript
,github/scene-graph
,github/svg
,github/webgl
,github/webvr
,stackexchange/github
,stackexchange/go
,stackexchange/graphs
,stackexchange/machine-learning
,stackexchange/c++
,stackexchange/deep-learning
,stackexchange/distributed
,stackexchange/neural-network
,stackexchange/python
,stackexchange/tensorflow
,github/deep-learning
,github/deep-neural-networks
,github/distributed
,github/machine-learning
,github/ml
,github/neural-network
,github/python
,github/tensorflow
,stackexchange/scikit-learn
,stackexchange/machine-learning
,stackexchange/python
,stackexchange/data-analysis
,stackexchange/statistics
,github/data-analysis
,github/data-science
,github/machine-learning
,github/python
,github/statistics
,stackexchange/memory
,stackexchange/performance
,stackexchange/lua
,stackexchange/database
,stackexchange/hard-drive
,stackexchange/transactions
,github/appserver
,github/database
,github/disk
,github/in-memory
,github/lua
,github/msgpack
,github/tarantool
,github/transactions
,stackexchange/visualization
,stackexchange/python
,stackexchange/logging
,stackexchange/go
,github/go
,github/logging
,github/logrus
,stackexchange/distributed
,stackexchange/database
,stackexchange/mysql
,stackexchange/protocols
,stackexchange/go
,stackexchange/scale
,stackexchange/sql
,github/database
,github/distributed-database
,github/distributed-transactions
,github/htap
,github/mysql
,github/mysql-protocol
,github/scale
,github/sql
,github/tidb
,stackexchange/ansible
,stackexchange/automation
,stackexchange/deployment
,stackexchange/scripting
,stackexchange/update
,stackexchange/ssh
,stackexchange/install
,stackexchange/remote
,stackexchange/python
,github/ansible
,github/python
,stackexchange/c
,stackexchange/default
,stackexchange/package
,stackexchange/macos
,stackexchange/ruby
,stackexchange/homebrew
,github/core
,github/formulae
,github/homebrew
,github/ruby
,github/tap
,stackexchange/disaster-recovery
,stackexchange/kubernetes
,stackexchange/cluster
,stackexchange/go
,stackexchange/backup
,github/backup
,github/disaster-recovery
,github/kubernetes
,stackexchange/elasticsearch
,stackexchange/logstash
,stackexchange/go
,github/auditbeat
,github/beats
,github/elastic
,github/elasticbeats
,github/filebeat
,github/go
,github/heartbeat
,github/lightweight-shippers
,github/metricbeat
,github/packetbeat
,github/winlogbeat
,stackexchange/go
,stackexchange/graph
,github/go
,github/graph
,github/infrastructure-as-code
,github/terraform
,stackexchange/html
,stackexchange/documentation
,stackexchange/javascript
,stackexchange/.net
,stackexchange/compiler-construction
,stackexchange/open-source
,stackexchange/c#
,stackexchange/api
,stackexchange/visual-studio
,github/csharp
,github/roslyn
,github/visual-basic
,github/visual-studio
,stackexchange/performance
,stackexchange/build
,stackexchange/java
,github/bazel
,github/build
,github/build-system
,github/correct
,github/fast
,github/multi-language
,github/scalable
,github/test
,stackexchange/computer-vision
,stackexchange/c
,stackexchange/distributed
,stackexchange/asynchronous
,stackexchange/logic
,stackexchange/go
,github/cadence
,github/uber
,stackexchange/desktop
,stackexchange/typescript
,stackexchange/electron
,stackexchange/git
,stackexchange/github
,github/electron
,github/git
,github/github
,github/github-desktop
,github/typescript
,stackexchange/parallel-processing
,stackexchange/scheduled-tasks
,stackexchange/python
,stackexchange/printing
,stackexchange/editor
,stackexchange/focus
,stackexchange/plugins
,stackexchange/wordpress
,stackexchange/repository
,stackexchange/javascript
,stackexchange/wordpress-plugin
,github/gutenberg
,github/wordpress
,github/wordpress-plugin
,stackexchange/dns
,stackexchange/go
,github/dns
,github/go
,stackexchange/go
,github/go
,github/language
,github/programming-language
,stackexchange/distributed
,stackexchange/object
,stackexchange/block
,stackexchange/storage
,stackexchange/c++
,stackexchange/frameworks
,stackexchange/ruby
,stackexchange/dynamic
,stackexchange/networking
,stackexchange/python
,stackexchange/gpu
,stackexchange/c++
,stackexchange/deep-learning
,stackexchange/neural-network
,stackexchange/numpy
,github/autograd
,github/deep-learning
,github/gpu
,github/neural-network
,github/numpy
,github/python
,github/tensor
,stackexchange/pattern-matching
,stackexchange/c
,github/yara
,stackexchange/android
,stackexchange/ios
,stackexchange/typescript
,github/crowdsourcing
,github/internet-freedom
,github/open-data
,github/voice
,stackexchange/build
,stackexchange/mocking
,stackexchange/graphql
,stackexchange/schema
,stackexchange/typescript
,github/apollographql
,github/graphql
,github/graphql-schema
,github/schema-language
,stackexchange/typescript
,stackexchange/javascript
,stackexchange/output
,github/javascript
,github/language
,github/typechecker
,github/typescript
,stackexchange/real-time
,stackexchange/localization
,stackexchange/mapping
,stackexchange/2d
,stackexchange/3d
,stackexchange/c++
,stackexchange/package
,stackexchange/version-control
,stackexchange/tags
,stackexchange/python
,stackexchange/python
,stackexchange/data-mining
,stackexchange/gensim
,stackexchange/information-retrieval
,stackexchange/machine-learning
,stackexchange/neural-network
,stackexchange/nlp
,stackexchange/word-embeddings
,stackexchange/word2vec
,github/data-mining
,github/data-science
,github/document-similarity
,github/fasttext
,github/gensim
,github/information-retrieval
,github/machine-learning
,github/natural-language-processing
,github/neural-network
,github/nlp
,github/python
,github/text-summarization
,github/topic-modeling
,github/word-embeddings
,github/word-similarity
,github/word2vec
,stackexchange/phaser
,stackexchange/performance
,stackexchange/2d
,stackexchange/frameworks
,stackexchange/html5
,stackexchange/desktop
,stackexchange/mobile
,stackexchange/browser
,stackexchange/canvas
,stackexchange/webgl
,stackexchange/rendering
,stackexchange/javascript
,github/game-development
,github/game-frameworks
,github/html5-game-development
,github/javascript
,github/phaser
,github/phaserjs
,github/webgl
,stackexchange/storage
,stackexchange/kubernetes
,stackexchange/go
,stackexchange/docker
,github/ceph
,github/cloud-native
,github/cncf
,github/docker
,github/etcd
,github/kubernetes
,github/storage
,github/storage-cluster
,stackexchange/ruby
,stackexchange/c
,stackexchange/oop
,github/c
,github/language
,github/object-oriented
,github/ruby
,github/ruby-language
,stackexchange/kibana
,stackexchange/analytics
,stackexchange/elasticsearch
,stackexchange/javascript
,github/elasticsearch
,github/kibana
,github/metrics
,github/visualizations
,stackexchange/kotlin
,stackexchange/compiler-construction
,stackexchange/maven-plugin
,github/compiler
,github/gradle-plugin
,github/intellij-plugin
,github/kotlin
,github/kotlin-library
,github/maven-plugin
,github/programming-language
,stackexchange/functional-programming
,stackexchange/standards
,stackexchange/kotlin
,stackexchange/metaprogramming
,stackexchange/monads
,github/category-theory
,github/for-comprehension
,github/fp-types
,github/free-monads
,github/functional-data-structure
,github/functional-programming
,github/funktionale
,github/kategory
,github/kotlin
,github/kotlin-library
,github/metaprogramming
,github/monad-transformers
,github/monads
,github/mtl
,github/optics
,github/recursion-schemes
,github/tagless-final
,stackexchange/frameworks
,stackexchange/go
,stackexchange/cloud
,stackexchange/containers
,stackexchange/intel
,stackexchange/ipsec
,stackexchange/linux
,stackexchange/microservices
,stackexchange/networking
,github/cloud
,github/cloud-native
,github/containers
,github/dpdk
,github/dpdk-driver
,github/go
,github/golang
,github/intel
,github/ipsec
,github/linux
,github/microservices
,github/network-functions
,github/networking
,github/nfv-framework
,github/packet-processing
,github/scalable
,github/scalable-networking
,github/vnf
,stackexchange/kubernetes
,stackexchange/package
,stackexchange/go
,stackexchange/charts
,github/chart
,github/charts
,github/cncf
,github/helm
,github/kubernetes
,stackexchange/go
,stackexchange/python
,github/data-search
,github/graph-database
,github/journalism
,github/osint
,github/python
,stackexchange/redis
,stackexchange/database
,stackexchange/hard-drive
,stackexchange/string
,stackexchange/sorting
,stackexchange/hash
,stackexchange/c
,stackexchange/maps
,stackexchange/native
,stackexchange/android
,stackexchange/ios
,stackexchange/macos
,stackexchange/node.js
,stackexchange/qt
,stackexchange/vector
,stackexchange/tiles
,stackexchange/opengl
,stackexchange/c++
,stackexchange/java
,stackexchange/mapbox
,stackexchange/objective-c
,stackexchange/opengl-es
,stackexchange/openstreetmap
,stackexchange/swift
,github/android
,github/c-plus-plus
,github/geojson
,github/ios
,github/java
,github/macos
,github/map
,github/mapbox
,github/mapbox-gl
,github/maps
,github/monorepo
,github/nodejs
,github/objective-c
,github/objective-c-plus-plus
,github/opengl
,github/opengl-es
,github/openstreetmap
,github/qt
,github/swift
,github/vector-tiles
,stackexchange/open-source
,stackexchange/automation
,stackexchange/python-3.x
,stackexchange/python
,stackexchange/mqtt
,stackexchange/raspberry-pi
,github/asyncio
,github/home-automation
,github/internet-of-things
,github/iot
,github/mqtt
,github/python
,github/raspberry-pi
,stackexchange/go
,stackexchange/executable
,stackexchange/javascript
,stackexchange/automation
,stackexchange/deployment
,github/automation
,github/bare-metal
,github/deployment
,github/devops
,github/golang
,github/immutable-infrastructure
,github/metal
,github/provisioning
,github/sre
,stackexchange/ui-design
,stackexchange/typescript
,stackexchange/css
,stackexchange/frontend
,stackexchange/reactjs
,stackexchange/uikit
,github/ant-design
,github/antd
,github/css
,github/design-systems
,github/enterprise
,github/frontend
,github/react
,github/react-components
,github/typescript
,github/ui-design
,github/ui-kit
,stackexchange/open-source
,stackexchange/deep-learning
,stackexchange/dialog
,stackexchange/python
,stackexchange/bots
,stackexchange/keras
,stackexchange/named-entity-recognition
,stackexchange/nlp
,stackexchange/tensorflow
,github/bot
,github/chatbot
,github/chitchat
,github/deep-learning
,github/deep-neural-networks
,github/dialogue-agents
,github/dialogue-manager
,github/dialogue-systems
,github/entity-extraction
,github/intent-classification
,github/intent-detection
,github/keras
,github/named-entity-recognition
,github/nlp
,github/question-answering
,github/slot-filling
,github/tensorflow
,stackexchange/javascript
,stackexchange/python
,stackexchange/php
,stackexchange/api
,stackexchange/bots
,stackexchange/cryptography
,stackexchange/e-commerce
,stackexchange/exchange
,stackexchange/strategy
,github/altcoin
,github/api
,github/arbitrage
,github/bitcoin
,github/bot
,github/btc
,github/crypto
,github/cryptocurrency
,github/e-commerce
,github/eth
,github/ethereum
,github/exchange
,github/invest
,github/library
,github/market-data
,github/merchant
,github/strategy
,github/trade
,github/trading
,stackexchange/open-source
,stackexchange/c++
,stackexchange/c
,stackexchange/cmake
,stackexchange/linux
,stackexchange/macos
,stackexchange/msbuild
,stackexchange/multiplayer
,stackexchange/opengl
,stackexchange/sdl2
,stackexchange/simulation
,stackexchange/visual-studio
,stackexchange/xcode
,github/c
,github/c-plus-plus
,github/cmake
,github/game
,github/gitter
,github/linux
,github/macos
,github/msbuild
,github/multiplayer
,github/opengl
,github/openrct2
,github/roller-coaster
,github/roller-coaster-tycoon
,github/sdl2
,github/server
,github/simulation
,github/visual-studio
,github/windows
,github/xcode
,stackexchange/bots
,stackexchange/javascript
,stackexchange/botframework
,stackexchange/chat
,stackexchange/sdk
,github/bot
,github/bot-builder
,github/bot-framework
,github/botkit
,github/botkit-bots
,github/botpress
,github/bots
,github/chat
,github/chatbot
,github/microsoft-bot-framework
,github/sdk
,stackexchange/open-source
,stackexchange/sql
,stackexchange/database
,stackexchange/go
,github/cockroachdb
,github/database
,github/distributed-database
,github/go
,github/sql
,stackexchange/go
,stackexchange/client
,stackexchange/macos
,stackexchange/ios
,stackexchange/android
,stackexchange/electron
,stackexchange/chat
,stackexchange/reactjs
,stackexchange/react-native
,github/chat
,github/end-to-end-encryption
,github/go
,github/kbfs
,github/keybase
,github/pgp
,github/react
,github/react-native
,stackexchange/open-source
,stackexchange/c++
,stackexchange/metadata
,stackexchange/plugins
,github/c-plus-plus
,github/data-management
,github/federation
,github/metadata
,github/plugins
,github/policy
,github/rule-engine
,github/storage-virtualization
,stackexchange/share
,stackexchange/java
,stackexchange/android
,stackexchange/bridge
,stackexchange/android-intent
,stackexchange/ios
,stackexchange/reactjs
,stackexchange/react-native
,stackexchange/uwp
,github/android
,github/bridge
,github/intent
,github/ios
,github/react
,github/react-native
,github/share
,github/uwp
,stackexchange/frameworks
,stackexchange/ai
,stackexchange/models
,stackexchange/dialog
,stackexchange/dataset
,stackexchange/python
,stackexchange/cryptography
,stackexchange/c
,stackexchange/encryption
,stackexchange/openssl
,stackexchange/ssl
,stackexchange/tls
,github/cryptography
,github/decryption
,github/encryption
,github/openssl
,github/ssl
,github/tls
,stackexchange/python
,stackexchange/caching
,stackexchange/multiprocessing
,stackexchange/parallel-processing
,stackexchange/multithreading
,github/caching
,github/memoization
,github/multiprocessing
,github/parallel-computing
,github/python
,github/threading
,stackexchange/open-source
,stackexchange/python
,github/apps
,github/business
,github/erp
,github/management
,github/odoo
,github/odoo-apps
,github/python
,stackexchange/repository
,stackexchange/typescript
,stackexchange/definitions
,stackexchange/types
,github/definition
,github/dts
,github/types
,github/typescript
,github/typescript-definitions
,github/typings
,stackexchange/open-source
,stackexchange/aws
,stackexchange/cloud
,stackexchange/max
,stackexchange/go
,stackexchange/docker
,github/aws
,github/docker
,github/ecs
,github/paas
,stackexchange/frameworks
,stackexchange/angular
,stackexchange/components
,stackexchange/typescript
,stackexchange/css
,stackexchange/user-interface
,github/angular
,github/clarity
,github/component-library
,github/css
,github/design-system
,github/typescript
,github/ui
,github/ux
,stackexchange/parallel-processing
,stackexchange/cloud
,stackexchange/native
,stackexchange/router
,stackexchange/go
,stackexchange/docker
,stackexchange/kubernetes
,stackexchange/lets-encrypt
,stackexchange/load-balancing
,stackexchange/reverse-proxy
,github/consul
,github/docker
,github/etcd
,github/go
,github/golang
,github/kubernetes
,github/letsencrypt
,github/load-balancer
,github/marathon
,github/mesos
,github/microservice
,github/reverse-proxy
,github/zookeeper
,stackexchange/open-source
,stackexchange/real-time
,stackexchange/protocols
,stackexchange/go
,stackexchange/monitoring
,stackexchange/networking
,github/ebpf
,github/flow
,github/metrics
,github/monitoring
,github/network-topology
,github/networking
,github/packet-analyzer
,github/packet-sniffer
,github/pcap
,github/traffic-analysis
,github/traffic-monitoring
,stackexchange/package
,stackexchange/go
,stackexchange/c
,stackexchange/distributed
,stackexchange/go
,github/cncf
,github/dapper
,github/distributed-tracing
,github/jaeger
,github/opentracing
,github/zipkin
